exit_type,number_of_exits,total_exit_value,avg_exit_value
Acquisition,9562,3715975402423.0,388619054.8444886
IPO,659,431423033926.0,654663177.4294386
